Detector,VCASB,efficiency,efficiency_error,residualX,residualX_error,residualY,residualY_error
bb2,70,0.994750238625517,0.0009075804501524898,0.055922352438574845,7.688357303501454,0.30318231318160993,6.901893352774675
bb2,90,0.9995188452285485,0.0002618500879402186,0.14614176687328517,7.366434063515325,0.37921947439877207,6.657246727795456
tb2,70,0.9787458282100826,0.0019124718960875642,0.030307065112360466,8.493522782048348,0.40083380319316364,7.882603897525424
tb2,90,0.98886375500261,0.001382444808368688,0.1605741605660219,8.125462999503052,0.470224439592822,7.77966671157259
bb1,70,0.9787005548594953,0.0019325306972839407,0.03198016234959222,7.709146792755483,0.38881355191957745,6.986955349329471
bb1,90,0.9944967157819989,0.0009812340580709344,0.02636248467520906,7.594087461536384,0.34236384114072543,6.990669584547982
tb1,70,0.993210796489485,0.0010533947142711275,0.054123331656229685,8.120529272982143,0.18957308432134337,7.570331659212347
tb1,90,0.9988496302382909,0.0004241406778464629,0.04942075967077417,7.85960892735866,0.10747999834919077,7.301458901390251
